name,lat,lon
Paragliding,-12.1258932,-77.0374419
Hostal Roma,-12.0455044,-77.0344162
Hostal Porta,-12.1280978,-77.0334144
Plaza de la Bandera,-12.0675026,-77.0612073
Hotel El Chileno,-11.9899367,-77.0130305
Parque Cesar Vallejo,-12.0245167,-77.0502014
Escorpio,-11.9955132,-77.0148343
Augusto B. Leguia,-11.8671776,-77.0780907
La Fonda,-11.8691179,-77.0725984
Hostal Marcelos,-11.8655502,-77.0755828
Casa Yolanda,-12.0798423,-76.9967264
Casa Andina Standard – Miraflores San Antonio,-12.1302428,-77.0219279
Casa Yuyachakani,-12.0952395,-77.0731821
Entrada al Santuario del Amancay,-12.2067595,-76.8199226
Centro Cultural de España,-12.0705485,-77.0373706
El Pacifico,-12.1193415,-77.0295663
Boutique Hotel La Molina,-12.0623599,-76.9480684
Cinestar Metro San Juan,-12.0060801,-77.0047883
Monumento a José de San Martín,-12.1432817,-77.0231489
Arco de Salamanca,-12.0766769,-76.9896411
El Dinosaurio,-12.0360392,-77.0071339
D'Osma Bed & Breakfast Barranco,-12.1517018,-77.0225259
Cine Excelsior,-12.0494322,-77.0338878
UVK Multicines,-12.050696,-77.0348874
Casa JeremyGeek,-12.0272996,-76.9137998
Cinemark,-12.0849103,-76.9757476
Swissotel Lima,-12.0972483,-77.0381904
Circuito Mágico del Agua,-12.0710422,-77.0337701
Thunderbird carrera,-12.0831907,-77.0360241
Family backpakers,-12.1204759,-77.0418317
El Faro Inn,-12.1224222,-77.0394554
Embajadores Hotel - Miraflores,-12.1287846,-77.0326071
Casa Yllika,-12.0842194,-77.0450768
Museo de Ancón,-11.775178,-77.174065
Peru Star,-12.0895188,-77.0486372
Centro Cultural Ricardo Palma,-12.1254812,-77.0297335
Cajamarquilla,-11.9811111,-76.8966667
Catalina Huanca,-12.0484581,-76.913562
Lotización Ñaña,-11.9808333,-76.8336111
Fortaleza de Campoy,-12.0182979,-76.9759054
Palacio de Taurichumpi,-12.2548473,-76.8962628
Piramide Rampa 1,-12.2570406,-76.902311
Panteón,-11.8908333,-77.0719444
Petróleo,-11.8958333,-77.0725
Buena Vista,-11.7458333,-76.9641667
Huaca Collique,-11.9122222,-77.0402778
Huaca La Palma,-12.0684478,-77.0905055
Huaca Tres Palos,-12.0728501,-77.0841968
Placa en memoria del Fisico Teófilo Miranda Rojas,-12.0599203,-77.0817589
Inti Killa Hostel,-12.1197583,-77.0390966
Lima Wari,-12.1437535,-77.0220852
Dedalo,-12.1436943,-77.023911
Mocha Graña,-12.1435076,-77.0223266
Casa Hospedaje Queirolo,-12.481656,-76.7984557
Hotel Kamaná,-12.0480399,-77.03403
Cineplanet,-11.9907465,-77.0625031
Los Mirtos Suite & Hotel,-12.0892422,-77.0288992
Museo del Automovil Coleccion Nicolini,-12.0865746,-76.9086888
Casa Museo José Carlos Mariátegui,-12.0638765,-77.038975
Casa Museo Ricardo Palma,-12.1184154,-77.0276037
Casa de la Gastronomía Peruana,-12.0447247,-77.0312386
Amano Museo textil precolombino,-12.1140615,-77.0407663
Museo Aeronaútico del Perú,-12.1539647,-77.0010789
Museo Cementerio Presbítero Matías Maestro,-12.0422027,-77.0071787
Museo de los Colli,-11.9113963,-77.0261052
Museo Convento de Santo Domingo,-12.0440846,-77.0316136
Museo Electoral y de la Democracia,-12.0527035,-77.033465
Museo Etnográfico Amazónico del Centro Cultural José Pío Aza,-12.0431266,-77.0360474
Museo Geológico y Paleontológico (UNI),-12.0201511,-77.0476903
Museo George Petersen (PUCP),-12.0719814,-77.0815866
Museo Histórico de Ciencias Físicas (UNMSM),-12.0597934,-77.0817253
Ekotambo,-12.1197424,-77.0395474
"Museo Nacional de Antropología, Biodiversidad, Agricultura y Alimentación (UNALM)",-12.0737469,-77.0392903
"Museo Nacional de Arqueología, Antropología e Historia del Perú",-12.0773665,-77.0622797
Museo Panteón Nacional de los Próceres,-12.0540874,-77.032438
Museo Raimondi,-12.0738672,-76.9506692
"Museo Regional de Arqueología, Antropología e Historia Juan José Vega Tello",-11.8339416,-77.001056
Museo Victoria Chi Fu de Lam,-12.0816314,-77.0781405
Museo Universitario UNFV,-12.0474923,-77.0407621
Museo de Arte Fernando Saldias Díaz,-12.0877123,-77.0327382
Museo de Arte de San Marcos (UNMSM),-12.054372,-77.0320582
Museo de Historia Natural Vera Alleman,-12.1324264,-76.9808198
Museo de Minerales Andrés del Castillo,-12.052106,-77.0357405
Museo de Sitio Arturo Jiménez Borja,-12.0480822,-76.9344406
Museo de Sitio Huallamarca,-12.0968304,-77.040247
Museo de Sitio Huaca Pucllana,-12.1110699,-77.0333529
Museo de la Compañía de Bomberos La Salvadora 10,-12.052242,-77.0355669
Museo de la Identificación,-12.0562576,-77.0371166
Museo de la Inmigración Japonesa,-12.0876959,-77.0548991
Museo de Historia Policial,-12.0502034,-77.0229167
Museo y Catacumbas del Convento de San Francisco de Asis,-12.0452971,-77.0274314
Parque de la Imaginación,-12.0685356,-77.0823154
Pinacoteca Pancho Fierro,-12.0454279,-77.0312444
Hostal Patterson,-12.0258126,-77.0110141
Plaza de la Memoria,-12.0715455,-77.0798624
Soul Mate,-12.1151312,-77.0459818
Kankay Resort,-12.0647195,-76.7483413
Los Girasoles,-12.1218954,-77.0231186
511 Lima Hostel,-12.119628,-77.0419762
Mini Mundo,-12.0825992,-77.0448886
Mini-Mundo,-12.0827443,-77.0452293
La Marina,-12.0806847,-77.0877608
Hostal Lube,-12.0685633,-77.0542583
Mami Panchita,-12.0930477,-77.0776755
El Ducado,-12.1287333,-77.0321499
Hotel España,-12.0462117,-77.0270239
José Antonio Hoteles,-12.1265985,-77.0310299
Sala Luis Miró Quesada Garland,-12.1221423,-77.0292734
Mirador Catalina Recavarren,-12.1496829,-77.0235738
Suites del Bosque,-12.0973086,-77.0332969
Hostel Domeyer,-12.1478745,-77.0227897
Raúl Porras Barrenechea,-12.122,-77.0294932
Ozy Retreat,-12.3290647,-76.827679
Malecón Playa Chica,-11.7996383,-77.1791517
Centro Cultural El Olivar,-12.1015418,-77.0356762
Hostel Lima,-12.1161452,-77.0314825
White House Lima,-12.1181592,-77.0407506
Casa Falleri Boutique Hotel,-12.1442201,-77.0217436
Cineplanet Risso,-12.0867333,-77.0347646
Norky's,-12.0627875,-77.0962337
"Bufadero, suspiro del diablo",-12.3908086,-76.7835224
Boquerón del Diablo,-12.4820614,-76.8008533
Templo del Sol,-12.2626734,-76.9016889
Piramide Rampa 2,-12.2553523,-76.8993101
Casa de los Quipus,-12.2560044,-76.896438
Acllawasi,-12.2566479,-76.9053787
Templo Pintado,-12.2602609,-76.9013264
Cementerio Max Uhle,-12.259623,-76.9007186
Templo viejo,-12.2594395,-76.899812
Conjunto de Adobitos,-12.2553942,-76.9064387
Calle Norte-Sur,-12.2556572,-76.9014392
Golden Inn,-12.1322082,-76.9780844
Cinépolis,-12.0069165,-77.0584203
Plaza Perú,-12.0449049,-77.0307556
Plazuela Santo Domigo,-12.0445459,-77.0319325
Tienda de souvenir,-12.0446719,-77.0316857
Momento Taulichusco,-12.0454944,-77.0313686
José Olaya,-12.0468248,-77.0312417
La Piedra del Diablo,-12.0509059,-77.0211078
Casa O'Higgins,-12.0475986,-77.0325514
Casa Aliaga,-12.0444108,-77.0302883
Casa de la Literatura Peruana,-12.0444153,-77.0287553
Casa Museo Bodega y Cuadra,-12.0447328,-77.0286216
Francisco Pizarro,-12.0453201,-77.0316281
Centro de Artesania,-12.0453959,-77.0281506
Museo Marina Nuñez del Prado,-12.1010569,-77.0339992
Rubi,-12.0790463,-77.0791603
Blue Star,-12.0910632,-77.0098508
Monumento al soldado desconocido,-12.1718244,-77.0308665
General Miguel Iglesias,-12.1712389,-77.0294437
Cristo del Pacífico,-12.174259,-77.0287723
Divercity,-12.0848533,-76.9746389
Foresta Hotel & Suites,-12.1026611,-77.0377318
Villa Loka,-12.1134717,-76.8060855
Huaca El Paraíso,-11.9539716,-77.1183373
Teatro Plaza Norte,-12.0065761,-77.0588308
Huaca Middendorf,-12.0640708,-77.0877765
Paseo de caballo de paso,-12.0675755,-77.0900734
Centro Español del Perú,-12.083177,-77.0475211
Miraflores House,-12.1137173,-77.0371448
Mercado Productores de Santa Anita,-12.0418806,-76.9482449
Hotel Corpac,-12.1071818,-77.0119843
Mercado Villa Jardín,-12.0782484,-76.9920742
Gran Hall,-12.0449997,-77.0298955
Salón Dorado,-12.0448119,-77.0300304
Salón de Jorge Basadre,-12.0448686,-77.0303705
Cines Plaza Jesús María,-12.0738781,-77.0505206
Galaria San Francisco,-12.0456949,-77.0283195
Patio de Honor del Palacio de Gobierno,-12.0452175,-77.0300495
Kaclla,-12.1262802,-77.0324318
Mercado N° de Santa Clara,-12.0191716,-76.886805
South American Explorers Lima Clubhouse,-12.1169895,-77.0385796
Monumento Inmaculado Corazón de María,-12.0972995,-77.0720948
Tranvía Histórico,-12.068776,-77.084089
Tierra Viva,-12.125779,-77.0283503
Tourist Information,-12.1319554,-77.0305068
Mercado de salamanca,-12.0753999,-76.987557
El Señorial,-12.1289625,-77.0286559
Munay Hostel,-12.1222173,-77.0399402
Casa Dary Perú,-12.1213415,-77.0384301
Hospedaje Dimar Inn,-12.1170689,-77.0286789
SunFlower Inn,-12.1175715,-77.0288096
Lima Hostel,-12.1357858,-77.0103885
Hotel Caminos del Inca Inn,-12.1434949,-76.9854179
Teatro Peruano Japonés,-12.0875026,-77.0552483
Multicines UVK El Agustino,-12.0407905,-77.0031214
ECO Hostel Redpsycho Llama,-12.1181935,-77.0284106
Pariwana Hostel,-12.1197181,-77.028852
Bayview Hotel,-12.1306242,-77.0292142
Hostal el Patio,-12.1222004,-77.0272357
Parque de la PIP,-12.0771211,-77.0255308
Huaca 54,-12.0654976,-77.0931123
Entrada Parque Metropolitano Paul Poblet Lind,-12.1973218,-76.837556
Monumento al Trabajador,-12.1912351,-76.9455964
Movie Time Multicine,-12.2311596,-76.9106183
Cineplanet Prime,-12.0762691,-77.0835012
Hostal Private,-12.0238222,-77.0520656
Centro Representativo Quipan,-12.0240582,-77.0524397
"Centro Cultural ""José María Arguedas""",-12.0951985,-77.0325933
Ibis,-12.1289829,-77.029921
Plazuela de la Virgen María,-12.0881734,-77.0388526
Casa de La Cultura,-12.0991398,-77.0346265
"Paisaje Cultural Arqueológico ""Quebrada Sol y Luna""",-12.1939345,-76.8687626
One Hotel,-12.1439566,-77.0221368
"Paisaje Cultural Arqueológico ""Camino Prehispánico Pumihausi - Curva Zapata",-12.1481834,-76.8385603
A las Víctimas de Tarata,-12.1235245,-77.0284574
El Beso,-12.1269913,-77.0366277
Monumento a la Mujer,-12.2082306,-76.9397886
Residencial Miraflores,-12.1173157,-77.0334038
Indero,-11.9270699,-77.0648596
Explorer's House,-12.1196686,-77.0396166
Centro Cultural UNIFE,-12.0720032,-76.9658403
Inka Market,-12.1170467,-77.0275929
Letrero de entrada a Chorrillos,-12.1620586,-77.0251972
Mirador de La Gran Bahía de Lima,-12.1678488,-77.0375603
Mounumento al Soldado,-12.1005216,-76.9889167
Cinemark Mallplaza Angamos,-12.1115511,-77.011798
Cristo Redentor,-12.184148,-76.9878865
John Lennon,-12.0942982,-77.07827
CREA,-11.978124,-77.0728901
Monumento a los caidos del 1941,-12.068288,-77.0412205
Boulevard de la Cultura,-12.0512755,-77.0376325
Las Malvinas,-12.0418383,-77.0181061
Lolo Fernández,-12.0541046,-76.9364527
Cineplanet Primavera,-12.1108068,-77.0022332
ChocoMuseo,-12.0457,-77.0295071
Mercado de Productores de San Isidro,-12.108776,-77.0537496
Cineplanet Pro,-11.9399954,-77.0699658
Hostal Momentos,-11.9882633,-77.0817053
Hotel María Luisa,-12.1219762,-77.0282903
Casa Suyay,-12.1205417,-77.0283682
Hotel Esperanza,-12.1205142,-77.0264542
León,-12.1191024,-77.0293474
Paititi,-12.1180693,-77.026637
Teatro Británico,-12.1233355,-77.0330745
Hotel Continental,-12.0505183,-77.0332312
Hospedaje Camelot,-12.0811614,-77.018535
Central,-12.0448403,-77.0358971
Museo Municipal del Teatro,-12.0464236,-77.0351358
Monumento de La Paz,-12.2286046,-76.9277096
Inka Atzeka,-12.3871368,-76.7766072
1900 Backpacker's Hostel,-12.0610866,-77.0380236
Residencie Palaco Dorado,-11.877086,-77.0693733
Hotel Mercedes,-12.1327595,-76.9783963
José Martí,-12.0751123,-77.0468016
Señor de los Milagros,-12.0444186,-77.0390824
Centro de convenciones de Plaza Norte,-12.0053844,-77.0555086
Manco Cápac,-12.0639274,-77.0300195
Arequipa,-12.0568912,-77.0330527
Miraflores Pacific,-12.1200061,-77.0346615
Economax,-12.0649801,-77.0297755
Mercado Municipal Manco Cápac,-12.0688843,-77.0289717
Anfiteatro Anatómico y Conferencias Clínicas,-12.0575321,-77.0223077
Novotel Lima,-12.0960025,-77.0365206
Mina Modelo,-12.0725768,-77.0852994
Dulce Hogar,-11.9972395,-77.0074839
Ophera,-12.0075638,-77.0583213
Hotel El Encuentro,-11.8670198,-77.0171653
Memorial El ojo que llora,-12.0673304,-77.0398467
El Galpón Espacio,-12.0790688,-77.0640492
Flying Dog Hostel B&B,-12.1222335,-77.0301793
Alfredo Salazar,-12.1318373,-77.0299801
El Reducto,-12.1206845,-77.02248
Hostal Marcial,-12.3896849,-76.7773413
Entre el tiempo,-12.1205664,-77.0440703
Information Touristica,-12.1170387,-77.0280601
home 55,-12.3480611,-76.8114167
Green House,-12.1244876,-77.0357838
Lynik La Casa de Blanco,-11.9743843,-77.0829749
Centro Artesanal Carabaya,-12.0471668,-77.0306037
HOTEL LOS OLIVOS VIP,-12.0075918,-77.0621374
Malecón Paúl Harris,-12.1390806,-77.0263357
Casa Goyeneche,-12.0487561,-77.0295829
Centro Cultural de la Escuela de Bella Artes,-12.0482183,-77.0283759
Centro Cultural Inca Garcilazo de la Vega,-12.0487535,-77.0291591
Hostel THAY83,-12.1210745,-77.0354818
Kaminu backpackers hostel,-12.1494234,-77.0228638
Hospedaje - Residential El Quijote,-12.0691753,-77.0385702
Óvalo de Los Cóndores,-12.1004619,-76.9436336
Cripta al soldado desconocido,-12.0479193,-77.025876
Del Pilar Miraflores Hotel,-12.1197519,-77.0300925
Boulevard Szyszlo,-12.0946041,-77.0154326
Auditorio Zum de la Universidad de Lima,-12.0844156,-76.9709894
DCO'S,-12.0552233,-77.0436464
Alpackers B&B,-12.1222561,-77.0255004
Puriwasi Hostels,-12.1198276,-77.0268338
Che Lagarto Hostel Lima,-12.1232922,-77.0287013
Hosteleria Angiolina,-12.1236803,-77.0285725
Lucky Lodge,-12.1238957,-77.0284861
Hotel Nuna,-12.0796783,-77.0896429
santa anita,-12.0274503,-76.9522492
Machu Picchu Suites,-12.0733156,-77.0980717
Museo Señor de los Milagros,-12.0451544,-77.0376031
Casa de nacimiento de San Martin de Porres,-12.0433918,-77.0359022
Hostal Granda,-12.046617,-77.0351444
Hotel Inka Path,-12.0485279,-77.0332231
Casa Museo Almirante Miguel Grau,-12.0475554,-77.0333298
Hostal Plaza Mayor,-12.0475849,-77.0311051
Hotel Maury,-12.0476662,-77.0309602
Imperium Hotel Lima,-12.0556968,-77.0322713
Hotel Paris Lima*,-12.0498342,-77.0382736
Sky Hotel,-12.0754694,-77.0824457
Hostal Amarillis,-12.0739553,-77.0834014
Casa Hualpa,-12.1171174,-77.0346434
Boquerón,-12.4820527,-76.8013351
Paseos en bote,-12.4808201,-76.7980004
House Inn Backpacker,-12.1157418,-77.0337469
Hostal Residencial Casa peru,-12.0666347,-77.0462291
Hostal El Triunfo,-12.06803,-77.0464759
Sumaq,-12.0719841,-77.0390403
Flamante Hotel and Suit,-12.0720143,-77.0388181
Hostal Santa Beatriz,-12.0706308,-77.0381731
Hospedaje Sagitario,-12.0669153,-77.0354559
Flamingo,-12.0686439,-77.0378548
El Estadio,-12.0666111,-77.0351922
Hostal Las Camelias,-12.0739028,-77.0341748
Lucero house,-12.0441056,-76.9132773
Atelier Hotel Boutique,-12.1313209,-77.0282129
Monumento al Niño héroe,-12.0690234,-77.043581
The Llama Brothers,-12.1202683,-77.0379916
Hotel Cholcana,-12.1222617,-77.0330636
Llaqta Wasi,-12.1292465,-77.0325787
Inka Hostel,-12.1295623,-77.0299378
K'usillu's hostel backpackers,-12.1235995,-77.0291233
Miraflores Lodge,-12.1257182,-77.0306939
Hostel Rivendell,-12.1296226,-77.031278
Pía's house,-11.9421477,-77.0747693
The Point,-12.1472204,-77.0233589
Dragonfly Hostel Barranco,-12.1422776,-77.0238814
3B Hostal,-12.1410767,-77.0227003
Hostal Turístico Eiffel,-12.130238,-77.0291706
Tambo,-12.1307516,-77.0264473
Casa Wayra B&B Miraflores,-12.129625,-77.025519
Casa Bianca,-12.0654621,-77.0730239
Hotel Beatrrici,-12.0658664,-77.073574
Casa Ventura Aguirre,-11.7621078,-77.1672251
Luisfer Surf Camp,-12.3375493,-76.8200465
Posada Akutiki,-12.3365536,-76.8199124
Punta Hermosa Surf Hostel,-12.3385031,-76.8251266
Hostal Merlin Punta Hermosa,-12.3373082,-76.8255182
Hotel La Planicie de Pico Alto,-12.3332415,-76.8298956
Hostal La Pradera,-12.0413321,-77.0295337
Gold Hostal,-12.0413335,-77.0293544
Hotel Peach Garden,-12.0423446,-77.0295908
Laberinto del Ensueño,-12.0709939,-77.034838
Akira Kato,-12.0951002,-77.0546186
Pucllana,-12.1114927,-77.0312132
Marqay Friends Hostel,-12.1104699,-77.0309235
Hospedaje Atahualpa,-12.0532496,-77.0325308
Hostal Brasil,-12.0643139,-77.0446343
Hostal Luchos II,-12.058886,-77.0406229
Hostal Inkari,-12.06777,-77.0525831
Villareynal Hotel,-12.1266779,-77.0297908
Casa de Bruno,-12.0760231,-77.0661507
Happy Up,-12.0932316,-77.0009751
hostal iquique,-12.0579213,-77.0432523
Casa Quinta de los Libertadores,-12.0774326,-77.0619203
L'anfiteatro de Antica,-12.1469503,-77.0227141
Almirante Miguel Grau Seminario,-12.0597776,-77.0357536
Hostal Chaviña,-11.799808,-77.1406362
Heroes del 41,-12.0936498,-76.9513245
Miguel Grau,-12.0923868,-76.9518605
Hostal3,-11.8637901,-77.0761076
Friends House 2,-12.1281231,-77.0308957
Apolo Hotel,-12.1023181,-77.0193103
Vermell,-11.8715533,-77.0713994
Friend's House,-12.1271505,-77.0315703
Hostal Puno,-12.053101,-77.0289136
Alliance Française,-12.0608031,-77.0380582
Museo del Pisco,-12.0457696,-77.0295683
Wiracocha Hostel,-12.0462256,-77.0291979
Hostal Kendall,-12.0785627,-77.0654496
Galería La Fortaleza,-11.8777706,-77.0174
Teatro Republica,-12.054437,-77.0355252
José Gabriel Condorcanqui,-12.0596174,-77.0369739
Juana Alarco de Dammert,-12.0585156,-77.037589
Víctor Larco Herrera,-12.0590494,-77.0377472
Zig Zag Hostel,-12.1107959,-77.0320606
CREALIMA,-12.057596,-76.9937383
Alameda Malecón Rímac,-12.0344388,-77.0741569
Roque Sáenz Peña,-12.0927778,-77.0369501
Centro de la Imagen,-12.1282081,-77.0256266
Teatro La Cabaña,-12.0619422,-77.0354786
Hipólito Unanue,-12.0537643,-77.0318884
Hostal Los Fortales,-12.2951999,-76.8523832
Los Cabitos,-12.1288434,-77.0011365
Hostal Paraiso,-12.0471839,-77.0182881
Hostal Escape,-11.9439124,-76.9816919
Hospedaje Palerno,-12.0307389,-77.0109363
Copacabana HS,-12.0307852,-77.0109903
Camino Hostal,-12.0305803,-77.0109454
Pedalones,-12.0678924,-77.0894291
Prince Hostal,-12.0237704,-76.9862682
Hotel puente piedra,-11.886859,-77.0661668
HS Bartra,-12.1950806,-76.9832475
Hospedaje Grau,-12.057282,-77.0178432
dormitorio,-12.0156883,-77.055125
Hostal Vesos,-12.0036254,-77.0023954
Hospedaje Cochera,-12.046339,-76.9817092
Juan Pablo II,-12.0886648,-77.0348434
Malecón de Río,-12.0438672,-77.0267863
Hostal Monarca,-12.0618682,-77.0204529
Randa,-12.0595928,-77.0267072
Hospedaje Bella Dulcemente,-12.0068651,-77.0083512
Roble,-12.0823795,-76.896973
Velasco Astete,-12.1195105,-76.9843471
Hostel Amira,-12.0774146,-77.0139285
Hostal Cochera,-12.0517505,-77.0092897
Hostal Ocros,-12.0517513,-77.0092401
Hostal El Caribe,-12.0596191,-77.007359
Pedro Paulet,-12.1341804,-77.0286101
Street Art: Lying Man,-12.1253102,-77.0291965
Intihuatana,-12.1281742,-77.0356957
Don Francisco Bolognesi Cervantes,-12.1069147,-76.9682945
Casa Serena,-12.1217418,-77.0242244
SJM,-12.1501052,-76.9821716
Hostel el Eden,-12.0078871,-76.8239476
Coney Local,-11.9953939,-77.061095
Coney Park,-11.9934751,-77.0615385
Monumento a César Vallejo,-12.0469773,-77.034206
Plazuela de las Artes,-12.0455626,-77.0349849
Toromata,-12.0161662,-76.8748088
Hospedaje Lima,-12.0452856,-77.0292772
huaca,-12.0803592,-77.0208892
Zona Arqueológica Monumental PACHACAMAC,-12.2536914,-76.9048187
Aeropuerto de Limatambo,-12.0980756,-77.0155822
Capitán FAP José Abelardo Quiñones,-12.0986917,-77.0124078
San Juan Bosco,-12.1624165,-77.0236568
José Olaya Balandra,-12.1673796,-77.0289851
Antonio Sucre,-12.0723122,-77.0343388
Luis Negreiros Vega,-12.0638572,-77.0361933
General Tomás Herrera,-12.0609378,-77.0361165
Feria comercial La Perrocholi,-12.0423545,-77.0302962
Park Hotel Lima,-12.1332804,-76.9833943
Galería Bueno Bonito y Barato,-12.0438746,-77.0437816
Civa Hostal,-12.0581131,-77.0313788
Sakura,-12.0578619,-77.0293381
Andahuaylas,-12.0561599,-77.0266327
Libertador Simón Bolívar,-12.0476528,-77.0260463
Hostel Genesis,-12.0824304,-77.0799462
José Faustino Sánchez Carrión,-12.048276,-77.0247942
Congreso de la República,-12.0482012,-77.0254151
Mariscal Ramón Castilla,-12.0481106,-77.0328705
Federico Elguera,-12.0508457,-77.0384726
Casa de nacimiento de Antonio Alarco,-12.0437109,-77.0351083
Juan Velasco Alvarado,-12.206818,-76.9373439
César Vallejo,-12.2120471,-76.934378
María Elena Moyano,-12.2222385,-76.9343815
Galería Límac,-12.0638423,-77.0372296
Galería Ignacio Merino,-12.0637883,-77.0367307
Edilberto Ramos,-12.2429755,-76.9258653
Mercado de Ciudad y Campo,-12.0253469,-77.0282587
CREA Lima,-12.0152123,-77.0301997
Museo comunitario Ruricancho,-12.0098646,-77.0023014
Casa Fernandini,-12.0450471,-77.0351457
Sonesta El Olivar,-12.0978583,-77.0352953
Asilo de Ancianos Ignacia Rodulfo Vda. de Canevaro,-12.0385433,-77.025091
Mercado cooperativo 1 de Julio,-12.0500101,-77.0111092
Museo Prehispánico Hernán Amat de Olazábal,-12.2159827,-76.9302889
Flying Dog Hostel 2,-12.1220251,-77.0299105
Mariscal Juan Bautista Elespuru y Montes de Roca,-12.2331009,-76.9180177
Hotel América,-12.061642,-77.0461567
Huaca San Miguel,-12.062453,-77.081518
Huaca La Luz I,-12.0672655,-77.07197
Huaca Potosi,-12.0645147,-77.0816954
Huaca La Luz II,-12.066828,-77.0722083
Prolima,-11.9288804,-77.0746187
Huaca Palao,-12.0277404,-77.0619164
Tupac Lima Airport Hostel,-12.0067322,-77.0739798
Puente Manchay,-12.1454544,-76.8326263
Castillo Rospigliosi,-12.0785218,-77.0330189
Chaski Lodge,-12.1257132,-77.0299268
Puente Panquilma,-12.0945612,-76.776491
La Cruz de Tambo Viejo,-12.1115468,-76.8187528
Hospedaje San Marcos,-12.0620999,-77.0838523
Teatro Principal Manuel A. Segura,-12.0471158,-77.0344733
Monumento a la Democracia,-12.0521327,-77.0331481
La Libertad,-12.053222,-77.0378249
Auditorio de Ciencias e Ingenieria,-12.0725008,-77.079494
Sala uno,-12.0720036,-77.0802344
Auditorio de Fisica,-12.0716672,-77.0803408
Auditorio de Ciencias Sociales,-12.0708338,-77.0800896
Anfiteatro Armando Zolezzi,-12.0698725,-77.0805657
Anfiteatro Monseñor Juan Dammert Bellido,-12.0698731,-77.0805812
Auditorio de Humanidades,-12.0683013,-77.080111
Auditorio de Estudios Generales Letras,-12.067702,-77.0806019
José Carlos Mariátegui,-12.1574267,-76.9567385
Horacio Zeballos Gámez,-12.1612707,-76.9795457
Hotel Presidente,-12.0463393,-77.0312412
Museo Oro del Perú,-12.1085037,-76.9662426
Hospedaje El Encuentro,-12.1867438,-76.9794045
Tercer Milenio,-12.0667707,-77.0184195
Queirolo,-12.0513982,-77.036626
Monumento a los héroes caídos en la guerra del Cenepa,-12.0972025,-76.9828616
Luis Alberto Sánchez,-12.0533194,-77.0313911
La Colmena,-12.0529911,-77.0323368
Antenas de Televisión (Morro Solar),-12.1820967,-77.0254116
Emilio Agustin del Solar y Mendiburu,-11.9366067,-76.6969101
Vírgen del Rosario,-12.070677,-77.0405342
Pez,-12.1726649,-76.9483698
Hotel Palace,-12.0788901,-77.036172
Convent of San Fransisco,-12.0454782,-77.0271727
Royal Garden,-12.0814913,-77.0343123
Masión Eiffel,-12.0475785,-77.0313992
Cristo Blanco,-11.9350632,-76.698439
La casona,-12.048705,-77.0360821
Guillermo Gastañeta Espinoza,-12.0519633,-77.0273979
Edelmira,-12.0337412,-77.0666278
Palacio Torre Tagle,-12.0485964,-77.0294264
Casa-Museo Raul Porras Berrenechea,-12.0484678,-77.0296624
La Plaza,-12.1316676,-77.0309293
Sala de Arte Moderno de Larcomar,-12.1321888,-77.0301632
Casa de Crl Chavez,-12.0920449,-76.9934081
Auditorio Ciencia,-12.0709443,-77.0796488
Casino de la guardia civil,-12.0551534,-77.0385325
Mama Backpackers Hostel,-11.9956875,-77.0804578
Miraflores Suites in Lima - Peru,-12.1183946,-77.0287648
Centro Cultural Brasil Perú,-12.1160905,-77.0303567
Liseth,-12.1712103,-76.9542797
Puente Quebrada Verde,-12.2115056,-76.8707666
La Piedra del Amor,-12.1862765,-76.8571531
Mirador Turístico Lurin,-12.2457978,-76.8940904
Britania,-12.1003073,-77.0001944
AB Diseño & Comunicación,-12.0226957,-76.8988782
Club Granja Azul,-12.0324791,-76.887106
Galería de artes visuales Ccoriwasi,-12.117557,-77.0296217
moscow,-11.9536271,-76.9818535
Dios Neptuno,-12.0590229,-77.0371312
Mendizábal,-11.9430431,-76.713628
Puente Tingo María,-12.0557097,-77.0576235
Backpacker's Family Club,-12.1202588,-77.0411451
Ruinas de San Juan de Pariachi,-12.0153046,-76.8677299
Teatro Larco,-12.1281199,-77.0299612
Centro de Convenciones del CMP,-12.1283902,-77.0263025
Centro de convenciones Casa Prado,-12.1291871,-77.0248127
Galería Forum,-12.1292223,-77.0300451
Galería de Arte Moll,-12.1290941,-77.0299446
Club de Teatro de Lima,-12.1255295,-77.0324277
Hotel B,-12.1431038,-77.0232806
El Palacete Souza,-12.145182,-77.0208531
Casa del mochilero,-12.1183934,-77.0399755
jeb,-12.1163415,-76.9820067
Ekeko,-12.1094315,-77.0319672
Sa. Paula,-12.1102594,-77.0459209
San Pedro de Pacora,-12.1627666,-76.9523068
Hostal Vladis II,-12.0547774,-77.044331
Liz's House,-12.1516711,-77.0205102
Elisa Rodriguez Parra,-12.0595658,-77.037502
Inca Garcilaso de la Vega,-12.0596301,-77.0371873
Bioferia de Miraflores,-12.1270753,-77.0222797
TAC,-12.1256775,-77.0182785
Miraflores posadas,-12.1282615,-77.0311865
Aventura,-11.9042701,-77.0579881
Gsh,-12.1690639,-76.9988847
Andrés Avelino Cáceres,-11.7737895,-77.1763994
Antonia de Cáceres,-11.7738184,-77.1764396
Ricardo Palma,-11.7737146,-77.1763511
Arguedas,-11.7736569,-77.1763042
Hospedaje Mio Amore,-11.9979591,-77.1005373
Familia Dios Gamarra,-12.0902636,-77.0476731
Casa de mrles,-12.1299312,-77.0232919
Cuarto Lima,-12.0897806,-77.068207
Casa sra patricia,-12.0604927,-77.0710757
Mercado Municipal Unidad Vecinal 3,-12.0517054,-77.0814096
Casa jaqui,-12.0836047,-77.0533221
Casa keyli,-12.3033392,-76.8477887
La Casona Suárez,-12.1083416,-77.0305443
Jeyson,-11.9670679,-77.0732312
Casa Alquilada,-12.0833543,-77.0064258
Anfitteatro,-12.1907688,-76.9692446
Selva Alegre,-12.0814028,-77.0386316
Karioca's Hostal,-12.081631,-77.03927
Tomodashi,-12.0810015,-77.038578
Hotel Mallorca,-12.0808834,-77.0102082
Galería Lucía de la Puente,-12.1430482,-77.0236431
Larq'a Park Rooms,-12.1231482,-77.0289846
Casa Sra Elva,-12.0844331,-77.0834138
San Martín,-12.1375057,-77.0208046
B&B Miraflores Wasi Hotel,-12.1127127,-77.0318884
Excalibur,-12.117031,-77.0385814
Posada Real 3,-11.9994371,-77.0966967
Hostal Garcilazo,-12.0636103,-77.037782
Mercado La Merced,-12.0455071,-77.0392908
Casa De Gabriela Torres,-12.085962,-76.9033053
Hotel La Primacía,-12.0740879,-77.0339791
Embelleciendo Punta Negra,-12.3639593,-76.793488
Entrada a playa La Honda,-12.4484001,-76.7562337
Entrada a playa La Tiza,-12.4346766,-76.7548959
Los Pantanos de Villa,-12.2108825,-76.9890317
Malecón Venecia - Barlovento,-12.2313064,-76.9735481
Puente José Quiñones,-12.0896483,-77.0144486
Casa Hacienda Buena Vista,-12.2549028,-76.8743401
Los colochos,-12.0833961,-76.9750122
D' Paris,-12.0476679,-77.0248639
Monumento a Alfonso Barrantes Lingan,-12.0153109,-76.8188722
Casa Hacienda Mamacona,-12.2645129,-76.9061642
Coliseo de gallos,-12.2651317,-76.9056875
Monumento en honor al Gnrl. Varela,-12.0601601,-77.0472713
Julio César Tello,-12.1482628,-76.991753
Lanzón Monolítico,-12.1483142,-76.9916531
Cabeza Clava,-12.1481631,-76.9917649
Museo Chinen,-12.0073181,-77.0585027
Hotel El Dorado,-12.0714074,-76.9551984
Centro Cultural Peruano Británico,-12.0876218,-76.997506
Cre Ágora,-11.874876,-77.0196001
Pirwa Hostel,-12.1150358,-77.0311385
Hostel El Trebol,-12.0824618,-77.0342534
Tripper Monkey House,-12.1161002,-77.0317291
Carmel Hotel,-12.1185085,-77.030212
Allpa Hotel & Suites,-12.1181508,-77.0304795
Hotel Tinkus Inn,-12.1178798,-77.0298188
John F. Kennedy,-12.1219645,-77.0307768
Hostel Kon Tiki,-12.1160413,-77.0356738
Casa Cielo,-12.1204764,-77.0334696
José Antonio Deluxe Hotel,-12.119812,-77.0318531
Piramide Principal,-12.2222892,-76.8543089
Brazo Izquierdo,-12.2198708,-76.8552603
Brazo Derecho,-12.2220354,-76.8518953
Los Jardines Hospedaje,-12.1132887,-77.020336
Hostal Primavera,-12.1136016,-77.0245581
Hotel El Doral,-12.1188673,-77.0331928
Hostal Molinos,-12.0900112,-77.0346367
Hospedaje Sagarbal,-12.1051165,-77.0323116
Hostal Mi Refugio,-12.0909437,-77.0322933
Hotel Rosedale,-12.0890938,-77.0331369
Hotel Fenix,-12.0890838,-77.0332676
Los Tallanes Hotel & Suites,-12.0947194,-77.0355167
NM Lima Hotel,-12.1070955,-77.0357695
Hotel Lexus,-12.1140826,-77.03365
Grand Hotel Betsy,-12.1092075,-77.0357882
Livia,-12.1676952,-76.9892544
Suites Real Apart Hotel,-12.1066396,-77.0389426
Hotel Regency,-12.1142396,-77.0375202
Hotel Runcu Inn,-12.1194624,-77.0421467
Hotel Estelar Miraflores,-12.1243688,-77.0291837
Hotel Sebastián Inn,-12.083874,-77.0376234
Suites Larco 656,-12.1237921,-77.0294561
Sagrado corazón de Jesús,-11.9779215,-77.081542
Hostal Romance,-12.0767556,-77.0365443
Tierras Viajeras Hostel Cultural,-11.9982026,-77.1075421
Santuario del Amancay,-12.1974004,-76.8072274
Mirador del Salto del Fraile,-12.1706343,-77.0366866
Liliana,-12.0890946,-77.0677268
Huaca Pucllana,-12.1115677,-77.0332872
La estación de Barranco,-12.1498694,-77.0218441
Microteatro de Lima,-12.1495841,-77.0224078
Suspirarte,-12.1497374,-77.0224514
Centro Colich,-12.1458376,-77.0221285
Teatro Escena 7,-12.1442311,-77.0220974
Wu Galería,-12.1435367,-77.0228832
Galería de Arte Yvonne Sanguineti,-12.1429942,-77.0218919
Loft de Barranco,-12.1369179,-77.0224501
"""Pronto"" Central - de Virgilio Martinez",-12.15291,-77.0226253
Federico Villareal,-12.1486176,-77.0228539
Hacienda Caballero,-11.7913802,-76.983217
Hospedaje Beniroom,-12.2540407,-76.9283676
Circuito El Prado,-12.1943631,-76.8357
Pueblo Viejo - Pucará,-12.2029696,-76.7995732
El Arbolito,-12.2074368,-76.8028363
pirámide huca,-12.1113517,-77.0342737
Hotel resdential Vicky,-12.0299744,-77.0759157
Abarrotes Flor,-12.1475132,-77.0150611
Minimarket Chama,-12.129159,-76.9979728
Jóvenes Peruanos,-12.1241467,-77.0382142
Teatro Felipe Pardo y Aliaga,-12.0535737,-77.030516
Casa Museo del Terror,-12.0901561,-77.0812575
Farallones,-12.2042169,-76.8798596
La Cima,-12.2034828,-76.8838037
Entrada a Lomas de Lúcumo,-12.2085795,-76.879857
Circuito turístico de Lomas de Lúcumo,-12.2034574,-76.8867578
Hospedaje Pasion,-11.9594635,-77.0969915
La Nené VIP,-11.7866646,-77.153964
Loma Linda,-12.0854963,-76.7721909
Hotel Bay-pass,-12.0861212,-77.0632199
La Danaide,-12.1495548,-77.0210476
Boulevard Sánchez Carrión,-12.1486329,-77.0205993
Chabuca Granda,-12.1488983,-77.0227749
José Antonio de Lavalle,-12.1488837,-77.0227693
Candelabro de Barberini,-12.1495096,-77.0214524
Parque de la Muralla,-12.0444205,-77.0263062
Museo de los Vecinos,-12.1093443,-77.0293075
Letrero San Martín de Porres,-12.0191409,-77.0897266
Ascendi,-12.0790595,-77.0567358
Pedro Planas Silva,-12.2269267,-76.9217143
Concha Acústica,-11.9409276,-76.985109
Premium,-11.879982,-77.0739024
Hospedaje Las Pasionarias,-12.012973,-77.0107126
Mirador Las Delicias de Villa,-12.195705,-76.9962793
Coronel Francisco Bolognesi,-12.0602416,-77.0415676
Centro Cultural CCORI WASI,-12.1175413,-77.0295256
D'Sheratons,-12.0281943,-76.9258152
Gisell valencia,-12.0873291,-77.0770262
Don jesus,-12.0875348,-77.0719157
Depa. Pastor Antonio,-12.0847719,-77.0726613
"Arariwa, Galeria de Arte",-11.9903638,-77.0752957
Margarita Enciso,-12.028555,-76.907548
Pas. Octabio,-11.9541096,-77.0757922
Anfiteatro,-12.1325464,-76.9804741
Avioneta Aermacchi MB-339A FAP-486,-12.1429458,-76.9910735
"Multifamiliar ""La Calera IV""",-12.1194382,-77.0037598
"Multifamiliar ""La Calera III""",-12.1196638,-77.0037074
Alojamiento Gourmet Lima,-12.1294472,-77.0325705
Hostal America,-12.1138332,-77.0213033
La Florida,-11.9921488,-77.0982629
Cruz Montañera de Chincho,-12.0462997,-76.9191684
Hector Lavoe,-12.0463692,-76.918299
Gordito amoroso,-12.0937078,-77.0579795
Pileta,-12.0969012,-77.058635
Atardecer,-12.0949802,-77.0582766
Virgen del Carmen,-12.2103513,-76.9064393
Gran piedra solar,-12.1959196,-76.9091554
Placa de la Iglesia se Jesucristo.,-12.2070306,-76.9066299
Primera piedra,-12.1991103,-76.9085486
Virgen de Colombia,-12.1334843,-76.9933141
Mercado VIPSE,-12.1334718,-76.9920613
Mercado El Trebol,-12.0349092,-77.0429638
Paseo de Los Incas,-12.2290622,-76.8589226
Inti Dios del Sol,-12.2288066,-76.8586188
Sinchi Roca,-12.2288125,-76.8586651
Mayta Cápac,-12.2288644,-76.8587184
Lloque Yupanqui,-12.2288891,-76.8586903
Cápac Yupanqui,-12.2289168,-76.8587762
Inca Roca,-12.228996,-76.8588147
Yáhuar Huácac,-12.2290199,-76.8588924
Huiracocha,-12.2291089,-76.8589392
Pachacútec,-12.2291344,-76.8590316
Amaru Inca Yupanqui,-12.229209,-76.859064
Túpac Inca Yupanqui,-12.2292334,-76.8591555
Huayna Cápac,-12.229263,-76.8591235
Huáscar,-12.2292866,-76.8592165
Atahualpa,-12.229314,-76.8591868
Dios Pachacámac,-12.2293226,-76.8592393
Zona Arqueologica Puruchuco,-12.0487014,-76.9294426
Virgen del Boulevard,-12.089776,-76.9853979
Toro Negro,-12.0927146,-77.0622978
La Familia,-12.0743115,-77.0481299
Hostel Kelebek,-12.1175028,-77.0287201
Pool paradise,-12.1241712,-77.0220449
Colegio Fujimori,-11.949206,-77.0808269
B&B de Kike,-11.9749122,-77.0853257
Juan XXIII,-12.0784113,-77.0848383
Lanzón,-12.073172,-77.0715683
Placa de Pueblo Libre,-12.0755195,-77.0644156
Casa de Osambela,-12.0439276,-77.0324898
El Encanto,-12.064687,-77.03227
Grees,-12.0599534,-77.0488802
Casa alvares,-12.1745269,-76.9488431
Catastro,-12.1064729,-77.0390028
Don Lucho,-12.0512122,-77.0366397
Yacana,-12.0505004,-77.0361479
Casa de Rosita,-12.1022566,-76.9986328
COED COMAS,-11.901861,-77.0400255
Cada,-12.0890353,-77.0695409
HIguera de Pizarro,-12.0445402,-77.0298701
Jardín de la Capilla,-12.0447384,-77.0294826
Sitio Arqueológico Cerro Punta Blanca,-12.188442,-76.8365673
Antonio Raimondi,-12.0510475,-77.0228616
Eda Inn,-12.0849797,-77.0692786
Auditorio cultural IPCNA Miraflores,-12.1133546,-77.0304581
Teatro Auditorio Miraflores,-12.129136,-77.0299851
Jazz Zone,-12.1238679,-77.0272758
La Tarima Café Concert,-12.1199424,-77.0285002
Vasija Amazónica,-12.1208266,-77.0295028
Proyecto AMIL,-12.0972257,-77.0366226
Espacio cultural Tremenda,-12.137355,-77.0212201
Casa agustino,-12.0349328,-76.9919669
John Harriman,-12.1234862,-77.0327978
Centro Cultural UCH,-12.0565152,-77.0428502
Teatro de Lucía,-12.1229682,-77.0330848
Túpac Amaru,-12.0919376,-77.0735195
Lomas El Mirador,-12.0015539,-77.0245785
Asociación Los Jazmines de Huachipa,-12.0113225,-76.9472255
Crossroads calles peatonales,-12.0470272,-77.0320444
Teatro Municipal/Principal de Lima,-12.0455283,-77.0346075
Ugo,-12.1018339,-77.0303415
La Unsha hostel,-12.1550774,-77.0217779
Edificio Punta Sal,-12.1331049,-77.0038275
Chino Surf House,-12.3305052,-76.8282148
Almirante Miguel Grau,-12.1000116,-77.0096175
Dali,-12.0707312,-77.0403129
Arco Perú China,-11.9569138,-77.0389747
Escultura de la Integración,-12.0974984,-77.0217877
Mercado de las Terrazas,-11.9723786,-77.0138917
La Estacion,-11.7764492,-77.1651481
Air bnb,-12.118024,-77.0402059
Hr. Sans Suite,-12.1007475,-77.0057127
Condominio Las Terrazas,-12.1368145,-77.0098007
HOTEL EL DORADO - SAN ISIDRO,-12.0983453,-77.0213188
Lo de Olguita,-12.1345802,-76.9914931
Multicentro Benavides,-12.1283346,-76.9911393
Coronel Eduardo Dogny,-12.0954734,-77.0141252
Casita Libertad Chorillos,-12.1573481,-77.0232621
Mercado El Establo,-11.9047206,-77.030585
Cada de Ana,-12.0338785,-77.0785187
Trabajo Compured,-12.1165139,-76.9950127
Hostal Arco Iris,-12.1964596,-76.9322876
Hotel bruce sauna,-12.1200242,-77.0357213
Huastinito,-11.9417716,-77.070807
Capilla del Niño Jesús,-12.0274622,-76.8853482
Jesús de Nazaret,-12.0237002,-76.8833697
Pesaje electrónico,-12.0419778,-77.0155598
Amaru Centro Cultural,-12.1482541,-77.0227003
The Prime Spot Backpacker's Hostal,-12.1128782,-77.0311599
Casa de Baraybar,-12.1158836,-77.0467313
Museo del Petróleo,-12.0690134,-77.085233
Las Cumbres,-11.9817652,-76.7809477
Plaza Central Plaza San Miguel,-12.0769427,-77.0827581
Vladimir Humpiri,-12.0179044,-77.0325737
Monumento al No Fumador,-11.9031673,-77.0393019
Plazuela Jorge Arrospide Loyola,-12.0918441,-77.0366333
Cristo Resucitado,-11.8995718,-77.0379733
Las garzas,-12.0808365,-77.0394373
Jesús Artesano,-12.1988007,-76.9925862
Capitán de Navío Juan Fanning García,-12.1958238,-76.9890626
Despacho Vicepresidencial,-12.0482086,-77.0292541
Módulo informativo,-11.9947465,-77.0624104
Pozo de los Deseos,-12.0426233,-77.0357339
Vía bajo control de velocidad,-12.0890892,-77.010257
El Mirador de San Bartolo,-12.3909177,-76.7824406
Hostal Moscow,-12.0304371,-76.9981199
Hotel Yuri Gagarin,-12.0301071,-76.9981604
Hostal Las Victorias,-12.0275527,-77.0350826
Hostal Los Angeles,-12.0741523,-76.982662
Gruta de la Amistad,-11.8969948,-77.0390279
Loloy,-11.8966174,-77.0314203
Museo de la Basílica Catedral de Lima,-12.0463719,-77.0298417
Triangulo de la Fé,-11.9359809,-76.6991168
Galería Índigo,-12.094988,-77.0339055
El Inca,-12.1290755,-76.9158398
El Cisne,-12.1295411,-76.9137417
"Hostal ""El Benny""",-12.2266355,-76.8601272
Madrina,-12.0222049,-76.9745769
Departamento,-12.1335113,-76.9840709
Cruz Monumental del Cerro San Cristóbal,-12.034445,-77.0178952
Casa De Retiros San Francisco Solano,-12.0328295,-77.0235927
Victor Delfin Art Studio,-12.1482569,-77.023761
Acuario Real,-12.1176691,-77.0359547
Terra Cuina,-12.1235893,-77.0361483
The Lighthouse B&B,-12.11828,-77.0399862
Hospedaje Del Pilar,-12.0910509,-77.0685672
El Molinero,-12.0139423,-76.940361
Holiday Inn Express Lima San Isidro,-12.0941587,-77.0269783
El Lagarto,-12.1289385,-76.9132818
Belma Bed and Breakfast,-12.1313461,-77.0280399
Solís Dies,-12.1245366,-77.031727
Las Retamas,-12.0824019,-77.0392655
Información de pasajeros,-12.0578949,-77.0359705
Boulevard Girasoles,-11.9760242,-76.7864441
Aviadores de la PNP,-12.1279489,-76.9141547
Santísimo Madero,-12.2436243,-76.8755563
Anfiteatro Parque Virgen de Fátima,-12.1706723,-77.0209111
"Maitea - Arte, cerveza, vino",-12.1231459,-77.0269429
Busto en honor a Ricardo Palma,-12.0305437,-77.0816586
Estatua de la Virgen Maria,-12.0306866,-77.0816483
Hotel el centro,-12.0473576,-77.0368433
Casa de veneca Ancon,-11.7856867,-77.1625419
Alpes Lima Private Rooms,-12.1232271,-77.0312113
Ángel Carrillo,-12.1348131,-76.9667328
Hotel Antara,-12.1239541,-77.0279863
Catedral de lima,-12.0467167,-77.0297849
Pabellón Bizantino,-12.0614636,-77.0369182
Pabellón Morisco,-12.0621444,-77.0373111
Tapada Limeña,-12.0624885,-77.0373572
Baile de la Marinera,-12.0625193,-77.0373273
Tapada Limeña y su negrita bambo,-12.0625562,-77.0373507
Isla de Títeres,-12.0628873,-77.0355956
Casita del té,-12.0631584,-77.0355661
Virgen Jardín,-12.0630909,-77.0351363
Jardín Botánico,-12.0633129,-77.0349251
Centro recreacional Las Palmeras,-11.9169997,-76.9656403
Hotel Gol,-12.0615507,-77.0269177
Hotel Samoa,-12.0595772,-77.0266609
Huandoy tia aurora,-11.9742385,-77.0845013
Atención al cliente de Jockey Plaza,-12.0871393,-76.9773602
Acueducto de la Hacienda San Juan Bautista de Villa,-12.1929457,-77.0069493
Combate del Dos de Mayo,-12.0463851,-77.0427655
Habitacion Doble 2 Camas En Miraflores,-12.1192424,-77.038943
Casa del Turista,-11.9557926,-77.0574321
Puente de los Suspiros,-12.1491636,-77.0225867
Alameda “Madre Selva”,-11.9812178,-76.794816
Juan Pablo Segundo,-12.0830469,-76.9950995
Mercado Royal,-12.0813706,-76.9931038
Surfari - Punta Rocas,-12.3521376,-76.8131055
Plaza Sofía,-12.3323977,-76.8305008
San Juan Pablo II,-12.1415983,-76.9746806
MovieTime VES Unicachi,-12.1973923,-76.9641466
Rotary International,-12.1498489,-76.9827133
Gruta de Santa Rosa,-11.9566055,-77.0799968
La virgen,-12.2540466,-76.9043312
Mirador de La Laguna,-12.0840014,-76.9206202
Héroes de la FAP,-12.0770825,-76.9329708
Jorge Chávez,-12.3673434,-76.7955698
General Ramón Castilla,-12.3677107,-76.7953245
Capitán FAP Rudy Echegaray Fajardo,-12.3671092,-76.7945943
Manuel Candamo,-12.0591266,-77.0367125
Arquitecto Fernando Belaúnde Terry,-12.0602171,-77.037644
Víctor Raúl Haya de la Torre,-12.06433,-77.0368084
Pedro Huilca Tecse,-12.0643831,-77.037162
Miguel de Cervantes Saavedra,-12.064488,-77.0379689
Auditorio Teatro,-12.0456698,-77.0351988
Auditorio Defensoria,-12.0488779,-77.0293637
Estatua del Oso Paddington,-12.1315982,-77.0307809
Manuel Villavicencio,-12.1178604,-77.0113557
Hospedaje La Anita,-12.0928242,-77.0211944
Dama Blanca de la Paz,-12.1493545,-77.0217508
Caicedo,-12.149313,-77.0218895
Manuel Montero Bernales,-12.1490899,-77.0218304
Coronel Francisco Bolognesi Cervantes,-12.1484585,-77.0226304
José Antonio del Busto Duthurburu,-12.148027,-77.0222117
Carlos Gardel,-12.1478071,-77.0219598
Manuel Andrés de la Fuente Chávez,-12.1489216,-77.0229672
Lions Internationals,-12.1502277,-76.9817773
Huella de la Carreta,-12.1866966,-76.8575953
Manantial de la Juventud,-12.1842901,-76.8548258
Peón,-12.2106048,-76.9438578
Profesor Enrique Nerini Collazos,-12.1675072,-77.0288574
Putto,-12.1682076,-77.0296969
San Pedro,-12.1684944,-77.0294966
Miraflores Guesthouse 569,-12.1287244,-77.0313412
Javier Pérez de Cuéllar,-12.1759349,-77.0222419
I Misterio Gozoso,-12.1675679,-77.0341327
II Misterio Gozoso,-12.1678131,-77.0342353
III Misterio Gozoso,-12.1679968,-77.0343498
IV Misterio Gozoso,-12.168249,-77.0344969
V Misterio Gozoso,-12.1685669,-77.0342911
I Misterio Doloroso,-12.1684911,-77.03458
II Misterio Doloroso,-12.1681453,-77.0346944
III Misterio Doloroso,-12.167835,-77.0347144
II Misterio Glorioso,-12.1687986,-77.0347055
I Misterio Glorioso,-12.1687848,-77.0344259
IV Misterio Glorioso,-12.1682073,-77.0348751
IV Misterio Doloroso,-12.1683505,-77.0347655
III Misterio Glorioso,-12.1685133,-77.034768
Virgen del Morro Solar,-12.1678789,-77.0349221
Cruz del Papa,-12.1679808,-77.0353299
Huaca El Tunel,-12.173036,-77.0326079
Huaca Punta de la Virgen,-12.1682487,-77.0368023
Huaca Salto del Fraile,-12.1690928,-77.0362401
Museo de la Guerra del Pacífico,-12.169056,-77.0336908
Heroicos Defensores,-12.1717663,-77.0307951
Cruz de la Vaja,-12.1677102,-77.0373589
Batería Mártir Olaya,-12.1684895,-77.0351193
Hospedaje Casaverde,-11.9802887,-77.0030199
Pozo de los deseos,-12.1496353,-77.0235637
LOMAS DE MANGOMARCA,-11.999173,-76.9645287
Espacio Teatro Esencia,-12.1518507,-77.0200353
Alfonso Barrantes Lingán,-12.1486217,-76.9701433
Casa SEM - OMI,-12.0677314,-77.0766523
Hotel Urpi,-12.0637261,-77.0396175
Santísima Cruz,-12.3325561,-76.8220268
Daniel Alcides Carrión,-12.1338501,-77.0289957
Depto AirBnB,-12.1213356,-77.0386132
Hostal Toto,-12.054763,-77.0478165
General Juan Velasco Alvarado,-12.2165041,-76.9334417
Mercado Megacentro Tagge,-12.2240643,-76.9091531
Coliseo picapiedra,-12.1888349,-76.8668325
Hotel Las Lunas,-12.0240648,-77.0500518
La Feria de Gamarra,-12.2126947,-76.9341093
Gruta Virgen del Carmen,-11.9819247,-77.0770279
Hombre Cuy,-11.9791354,-77.0756685
Virgen del Pilar,-11.982245,-77.0798397
Casa Condevilla,-12.0217744,-77.086531
Mercado Señor de los Milagros,-12.2249267,-76.8895303
Jade Rivera art gallery,-12.1491346,-77.022465
Mirador del amor,-12.1350945,-76.9252584
Llaqllay-Uma,-12.1281919,-76.9121976
Mercado Nueva Esperanza,-12.1733122,-76.932558
Mercado Virgen del Carmen,-12.1730735,-76.9321333
Mercado La Esperanza,-12.1734728,-76.9317807
Mercado 5 Estrellas,-12.1739079,-76.9318562
Lomas de Cicazos,-12.3610648,-76.7107629
Camp nou,-12.0666272,-77.0350078
Isaac Albéniz 209 - 201,-12.1031785,-77.0019981
Túpac Amaru II,-12.1665128,-76.9523912
Club Nacional,-12.0517792,-77.0355657
Chosica La Novia del Sol,-11.9369837,-76.6970955
Paseo de la Fé,-11.9357112,-76.6975835
Mirador del Bicentenario,-11.9344128,-76.6974545
Puente Quebrada Río Seco,-12.3340676,-76.8204049
Helicóptero Mil Mi-8T,-12.1554803,-76.8841104
Vichama Teatro,-12.2213442,-76.9353581
13 Bomberos Garibaldinos,-12.1710156,-77.0212967
Mapa de la Gran Bahía de Lima,-12.1677412,-77.0375313
Manuel Cuadros,-12.1647828,-77.0252266
Inca Pachacútec,-12.175937,-76.9494487
Gustavo Pons Muzzo,-12.1432128,-77.0224056
Mirador Sáenz Peña,-12.1434294,-77.0247468
Malencón Grau,-12.1662819,-77.0270359
Janet vega eguchi,-12.331356,-76.8265885
Francisco Javier Mariátegui y Tellería,-12.0766104,-77.0450483
Rotary Club International,-12.0751502,-77.0443061
Club de Leones,-12.0751574,-77.0424733
Centro Comercial Villa Las Palmas,-12.228989,-76.893507
Arte urbano Jade Rivera 2018,-12.1282763,-77.0295302
Antonio Cisneros,-12.1240606,-77.0391677
Don José de San Martín,-12.2206234,-76.9173794
Qhapaq Ñan,-12.1122588,-76.816681
Centro de Interpretación Cultural,-12.1120908,-76.8167942
Anfiteatro María Elena Moyano,-12.2309543,-76.9297044
Mini Zoológico,-12.2309331,-76.9304999
Centro Cultural Crea Huáscar,-12.2322432,-76.9314832
Zona de Parrillas,-12.2321011,-76.9271653
Zona de camping,-12.2318396,-76.9266373
Cuevas de Catalina Huanca,-12.0541401,-76.9986347
Teatro Arena y Esteras,-12.2292155,-76.9309398
Parque de la Historia de la Medicina Peruana,-12.0568191,-77.017357
Mariano Melgar Valdivieso,-12.0536198,-77.0322286
Sebastián Lorente,-12.053911,-77.0316674
Anfiteatro Parque Universitario,-12.0542784,-77.0311
Bartolomé Herrera,-12.0544859,-77.0308218
Diosa Feme,-12.0459416,-77.0305445
Andrés Townsend Ezcurra,-12.0538883,-77.0369619
Viticultora Surcana,-12.1433746,-77.0028885
Anfiteatro de la plaza de Surco Viejo,-12.1453284,-77.0044156
Mayor E.P. Luis Alberto García Rojas,-12.0971592,-76.9826847
Hotel Megamar,-12.0970856,-77.0726091
Mirador San Miguel Alto,-12.2337198,-76.8563075
Asociación Cultural Campo Abierto,-12.1238945,-77.0339078
Rodolfo Garro López,-12.1629029,-76.9441123
Familia Villamariana,-12.162354,-76.9439922
Anfiteatro Eva Ayllón,-12.1625655,-76.9445043
Teniente Segundo Carlos de los Heros,-12.0590222,-77.0358943
Capitán de Corbeta Elías Aguirre,-12.0590133,-77.0357513
Teniente Segundo Enrique Palacios,-12.0588107,-77.0357678
Teniente Primero Diego Ferré,-12.0588174,-77.0359127
Teniente Primero José Melitón Rodriguez,-12.0583794,-77.0358088
Teniente Primero Pedro Gárezon,-12.0583881,-77.0359521
Teniente Segundo Gervasio Santillana,-12.0580602,-77.0359871
Teniente Segundo Fermín Diez Canseco,-12.058053,-77.035839
Leona,-12.0577472,-77.0361192
Águila,-12.0575575,-77.0357848
Los Bueyes,-12.0567197,-77.0361945
Las Llamas,-12.0565646,-77.0359144
Paseo de Nuestros Héroes Navales,-12.0561205,-77.0361028
Luis Eugenio Dintilhac,-12.0529781,-77.0377635
Torre de Adobe de Canto,-12.0610603,-77.0371965
Árbol de La Amistad,-12.0608153,-77.0360005
Alguacil Mayor Diego Mexia,-12.0612577,-77.0358961
Martín Lutero,-12.0635162,-77.0355809
Alexander von Humboldt,-12.0635725,-77.0355731
Antonio Raymondi,-12.0636442,-77.0355626
Jardín Japonés,-12.063619,-77.0360137
Fuente de la Tradición,-12.0625065,-77.0372791
Monumento a Jorge Chávez,-12.0646718,-77.0391821
Anfiteatro Nicomedes Santa Cruz,-12.0623386,-77.0355365
Hotel El Angolo,-12.0993559,-77.0163903
Museo y Biblioteca Ciudad de los Héroes,-12.1655085,-76.9651248
Coronel Pastor Dávila Ugarriza,-12.1650744,-76.9655088
General Belisario Suárez,-12.1655803,-76.9654592
Mariscal Andrés Avelino Cáceres,-12.1652622,-76.9653489
Mercado Elycielo,-12.1669084,-76.960735
Casa katia,-12.108386,-76.9949387
PROFAM,-11.8151843,-77.16254
Residencial los aires parque próceres,-12.0831733,-77.0449158
Mercado Canta Callao,-11.98346,-77.098002
Sala de Interpretación Tablada De Lurín,-12.1868028,-76.9169529
Mercado 28 de septiembre,-11.9559986,-76.9921558
Virgen Milagrosa,-12.1107036,-77.0090613
PeruSAT-1,-12.1538026,-77.0088883
Cessna A-37-B Dragonfly,-12.1539344,-77.0089352
Cessna T-41,-12.1537988,-77.0095486
Lockheed T-33A,-12.1541513,-77.0091813
North American F-86F Sabre,-12.1540674,-77.0098747
Hawker Hunter F 52,-12.1539383,-77.0091029
Dassault Mirage 5,-12.1537705,-77.0090402
Harbin Y-12,-12.1537954,-77.0092551
Sukhoi Su-22,-12.1536646,-77.009194
Mil Mi-8T,-12.1535319,-77.008958
Beechcraft Queen Air A-80,-12.1533464,-77.0090117
Bede BD-4lSA Kuntur,-12.1533516,-77.009469
Aermacchi MB-339AP,-12.153248,-77.0093087
Domo Suizenergía,-12.1534709,-77.010743
El Paradero Cultural,-12.0837356,-77.0447109
Espacio Cultural Imarpu,-12.0900619,-77.0307173
Lucila Walqui Espacio,-12.0872922,-77.0283033
L’Atelier de Christi Sari,-12.0814373,-77.0383347
La Azotea Cultural,-12.0830652,-77.029698
Chihuako Taller de Arte,-12.0807432,-77.0386405
Lo que se avecina - Espacio Cultural,-12.0844098,-77.0431037
La Boutique del Parte,-12.0846616,-77.0436616
Casa de la Cultura de Lince,-12.0838748,-77.0315085
Hospedaje Suar'z,-12.1478223,-77.0199133
Lion Backpackers,-12.1227996,-77.0257822
Inkari Luxury Hotel,-12.1182001,-77.0278075
Faro La Marina,-12.1236743,-77.040152
Monumento a Simón Bolívar,-12.077681,-77.0624249
Quetzal Guatemalteco,-12.0951696,-77.0469735
Óscar R. Benavides,-12.1206098,-77.0294489
Amelio Placencia C.M.,-12.1212165,-77.0294745
Torito de Pucará,-12.1204105,-77.0293864
Cruce de Los Alpes,-12.1347246,-77.0280856
Anfiteatro Chabuca Granda,-12.1208241,-77.0297073
Jesus de Nazareth,-12.2368797,-76.9398509
Mercado Talara,-12.2336116,-76.9418749
Amor,-12.1267543,-77.0360511
Hotel Ferre De Ville,-12.1150185,-77.0340552
Centro arqueológico,-12.1114472,-77.0310081
CIAM Aurora,-12.1220834,-77.0124098
Tierra Viva Miraflores Mendiburu,-12.1114664,-77.0487929
Municipal Market Miraflores,-12.1110924,-77.0489673
Hostal Casa Rodas,-12.1125122,-77.0320491
Madre María Angélica Recharte Corrales,-12.1666892,-77.0238262
Puttis,-12.1492709,-77.0211077
Nacimiento de Jesús,-12.149385,-77.0214323
Monumento a la Madre,-12.0703481,-77.0408743
Horacio Patiño,-12.0734077,-76.994197
Placa Conmemorativa,-12.073487,-76.9943194
S,-12.0734349,-76.9943508
A,-12.0734233,-76.9943334
N,-12.0734118,-76.9943172
L,-12.0733901,-76.9942905
U,-12.0733763,-76.9942728
I,-12.0733645,-76.9942566
San Lorenzo de Brindis,-12.1991068,-77.0124943
Teniente Coronel Pedro Ruiz Gallo,-12.0825063,-77.0310849
Cruz de Yerbateros,-12.0635102,-76.9980935
José Abelardo Quiñones Gonzales,-12.1762146,-77.0137689
Óscar Díaz Bravo,-12.0792287,-76.9960377
Virgen Medalla Milagrosa,-11.9532183,-76.9843911
Payet,-11.9709792,-77.0402626
Gran Mercado El Pino,-11.8569544,-77.0416111
Juega Sueña Crea @yakoart,-12.1456974,-77.0193296
Bernabé Calagua Arias,-12.1881981,-76.8670558
General José de San Martín,-12.1730802,-76.9328986
La Perricholi,-12.3510326,-76.8069725
Mercado Nueva Generación Chama,-12.2324887,-76.917354
Mercado César Vallejo,-12.2194691,-76.9478462
Gran marcado Zapallal,-11.8438008,-77.1014974
Piedra del Papa,-12.2033904,-76.931439
San Miguel Arcángel,-12.110295,-77.036909
Virgen María,-12.0621391,-76.9432017
San Juan de Dios,-12.0651063,-76.9898314
Abel Bergasse du Petit Thouars,-12.0690133,-77.03585
Itzjak Rabin,-12.1210894,-77.0437773
Jorge Chávez Dartnell,-12.1533649,-77.0017942
Blériot XI,-12.1534277,-77.0017102
North American NA-50,-12.1537315,-77.0019263
José Abelardo Quiñones Gonzáles,-12.1536749,-77.0020033
Bell 212 Twin Huey,-12.1542266,-77.0097575
Un Perú conectado,-12.1535548,-77.0094797
Nuestra historia,-12.1536232,-77.0096832
Fuerza Aérea del Perú,-12.151095,-77.0056107
Capitán FAP José Abelardo Quiñones Gonzales,-12.1511751,-77.0054897
Lema de Quiñones,-12.1517505,-77.00459
Guerra del Cenepa,-12.1517156,-77.0046448
Sargento 2do Lázaro Orrego Morales,-12.1516832,-77.0046965
Carta al futuro Presidente,-12.1516464,-77.0047545
Toma de Puerto Bolívar,-12.1516108,-77.0048144
Aviadores de la Paz,-12.1522228,-77.0038634
Conflicto del Cenepa,-12.1519251,-77.0043233
Duilio Poggi Gómez,-12.1031521,-77.0584733
Boulevard Bolognesi,-12.2744741,-76.8694538
Héroes de la Paz,-12.1164755,-77.00157
San Martín de Porres,-12.0316132,-77.0442096
Alfonso Bringas,-12.1289925,-77.0349655
San Marcelino Champagnat,-12.128843,-77.0351193
Raúl Ferrero Rebagliati,-12.1280424,-77.0350444
Amarre,-12.1285055,-77.0349828
Enrique de Ravago Velarde,-11.975796,-76.7698782
Himno oficial del disitrito,-11.9758197,-76.7697371
Genaro Hidalgo Ochoa,-12.0253557,-76.9225975
Antonio Miranda,-12.0253165,-76.9225708
Faustino Carrión,-12.0253873,-76.9226311
Ultimatum de la Merced,-12.0481534,-77.0328991
Cueva de los murciélagos,-12.1911596,-76.850574
Casa Hacienda El Fortín,-11.8610866,-77.0424816
Valle de la Nueva Esperanza,-12.2085073,-76.9517557
Museo Nacional del Perú,-12.2544682,-76.9110868
Hubert Lanssier,-11.9938033,-76.9019191
Bungalows & Suites,-12.2164744,-76.8436466
Monumento a Bernardo O'Higgins,-12.0998694,-76.9479796
Hotel Casa Andina,-12.1240771,-77.0310418
Serviplaza,-11.9938943,-77.0627852
Boca del Lobo,-12.2041145,-77.0375707
Alamos,-12.0710791,-77.0057546
El Romance,-12.0310553,-77.0118836
Club de Leones La Capilla,-12.1039911,-76.9481664
Arco de Urbanización La Capilla,-12.1040805,-76.9479498
Hostal Perú House,-12.0833135,-77.0659925
Glorias Barbero Goya home,-12.2130942,-77.0076138
UVK,-12.082985,-76.9688707
Minimercado El Marquez,-12.201403,-77.0200422
Minimercado El Porvenir,-12.2019523,-77.020289
Centro Comercial 28 de Julio,-11.9390118,-76.6964674
Mercado Niño Jesús de Chosica,-11.9355132,-76.6941018
Enriqueta Ávalos Gariazzo de Mendoza,-11.9346929,-76.6935276
Centro comercial Echenique,-11.9329769,-76.6933575
Paseo El Huarango y las Lechuzas,-11.9371701,-76.6957323
Nuestro Huarango,-11.9371496,-76.6957045
Paseo de Las Américas,-11.9361429,-76.6951717
Cañon de Chosica,-11.9363383,-76.6949316
General Simón Bolívar,-11.9364049,-76.6949057
Coronel Leoncio Prado,-11.9400135,-76.6958096
Hospedaje Residencial Chosica,-11.9354993,-76.6944327
Murales Artísticos del Jirón Colombia,-11.9378099,-76.6940924
Blue House backpackers,-12.1283545,-77.0301645
Centro Cultural Luciernagas Espacio de Arte,-11.9706597,-77.0032328
Paraíso II,-11.9665205,-76.9912863
Pulpo,-12.1309875,-76.8233478
Camarón,-12.1310334,-76.8234752
Caracol,-12.1311448,-76.8237173
Reloj,-12.1311828,-76.8237863
Delfín,-12.1312425,-76.8238983
Tortuga,-12.1312943,-76.8241384
Antonio Pinilla,-12.0841738,-76.9716232
Alberto Andrade Carmona,-12.0709274,-76.9374682
Eduardo Orrego VIllacorta,-12.0697851,-76.9378193
Madre Patria,-12.0671372,-77.0615239
Mirador de Yanacoto,-11.9408768,-76.7287075
Club de Leones de Zarate,-12.0325383,-77.0123744
Mercado Plaza Torre Blanca,-11.8513428,-77.0029792
El Curaca de Puruchuco,-12.0642154,-76.9395768
Hostal Ok,-11.9860598,-77.0165168
Tourist información center,-12.1259245,-77.0293374
Hostel Passion Barranco,-12.145744,-77.0187262
Apartamentos Los Cedros,-12.2096406,-77.0170558
Mercado 29 de Septiembre,-11.8241066,-77.1603192
Souma Hotel Lima,-12.1260586,-77.0333023
Cinerama,-12.119692,-77.0294558
Pasaporte al arte,-12.1215812,-77.027344
Mercado Huascar,-11.9674277,-77.0046626
Camping Overlander and Airbnb El Tip Viajero,-12.0155696,-77.0764874
Asociación de Comerciantes San Marcos,-12.0530243,-77.0272501
Santísima Cruz de Motupe,-12.0107837,-77.0496329
Monterrico Polo Aparts,-12.1025567,-76.9719194
Virgen de Lourdes,-11.9997678,-77.0541965
Antares Inn,-12.0078823,-77.0539868
Chela Barbero Apartamento,-12.1117264,-76.9809116
Fantacia,-11.9908091,-77.014491
Teatro Universitario de San Marcos,-12.05167,-77.0321636
George Washington,-12.0699991,-77.0372366
Bicicleta gigante,-12.1353936,-76.9176507
Bicicleta,-12.1344699,-76.9228687
Portal de piedra,-12.133663,-76.9256515
Altar ceremonial Inca,-12.1275866,-76.9126654
Zona campamento Apu Siqay,-12.129197,-76.9129978
Atrapanieblas,-12.1345067,-76.9223381
Wilder Ananias Lozano Noriega,-12.0607892,-77.0852748
Bahia,-12.0352718,-76.9972577
Puente Inn,-12.0308011,-76.9993046
Malu,-12.0346531,-76.997168
Los Claveles,-12.0367707,-76.9971974
Elefantes,-12.2058107,-76.9530769
Ocean's,-12.0628762,-77.0767387
Hostal Pando,-12.0617434,-77.0753442
Necochea,-12.0949689,-77.0505765
José Abelardo Quiñones,-12.1213928,-77.030357
Mercado San Martin,-12.1259233,-77.0297939
Casa Goya Barbero,-12.2146969,-77.0050845
Huaca Templo Con Con,-11.8793463,-77.0222725
Muralla de Tungasuca,-11.8953845,-77.0418285
Huaca El Sauce,-12.0073751,-76.9904065
Alfredo Novoa Cava,-12.0843444,-77.0461749
Hospedaje Tinkus,-12.1235585,-77.0270488
Casa Hacienda Punchauca,-11.8339802,-77.0011311
El Crucero del Amor,-12.0340029,-76.9994248
Hostal Genova,-11.7719543,-77.1709224
El Parque,-11.9770571,-77.0018837
Hostal Pachamama,-12.0533851,-77.0433759
Acenespar GC - Curayacu,-12.3968745,-76.7789558
Mafalda,-12.1433668,-77.0241275
El Petiso,-12.0513647,-77.0353133
Casita Libertad,-12.1525394,-77.0216109
Mèxico,-11.9551841,-77.0606311
Kyoto,-12.0232336,-77.0333217
José Carlos Mariategui,-12.0574693,-77.0814062
Ayenda La Luna In,-12.1204923,-77.0265624
Bienvenidos a Surco Pueblo,-12.1441848,-77.0032558
ALianza Lima,-12.0512678,-76.9691103
SANTA ANITA,-12.0574952,-76.9718523
The Secret Garden Hostel,-12.1182093,-77.0283678
Casaroma Hostel,-12.1317353,-77.0285514
El Agustino,-12.0585721,-76.9746034
Parque El Maestro,-12.1449588,-76.9893372
Alianza Lima,-12.1460311,-77.0002354
Jose Encinas,-12.0498604,-76.9638265
Los Anillos,-12.0683049,-76.9725522
Cine Susy,-12.1535903,-76.9715607
Las Teteras,-11.9901312,-77.0143437
Samanai Wasi B&B,-12.076328,-77.0324752
Santa Teresa,-12.1443696,-76.9976238
Ibis Lima Reducto Miraflores,-12.1289103,-77.02359
Selva escondida San Juan de Lurigancho,-11.9844854,-76.9931423
Thay83,-12.1212172,-77.0355344
Viajero Lima Barranco,-12.1467903,-77.0214052
Villa Descanso,-12.1279056,-77.0338767
Hostal ancestral,-12.1450515,-77.02312
Waikiki hostal,-12.1273332,-77.0334253
Quinoa backpackers hostel,-12.0689915,-77.0348827
Pullman,-12.1297278,-77.0295749
REAL PLAZA,-12.0401538,-76.9322676
Minimercado Alameda de Villa,-12.2111554,-76.9453944
Lima Airport Peru Apartments and Rooms for travelers  | El Tip Viajero Airbnb,-12.0155841,-77.0765949
Rancho Aventura Park-Sede Pachacamác,-12.2150452,-76.8612609
Los Pinguinos,-12.3626866,-76.7971502
CERRO BOTIJA,-12.3417264,-76.8151767
Santa Cruz de Infantas,-11.9447993,-77.0670386
Mercado Cooperativa de Pro,-11.9352337,-77.0773517
Monumento Mesa Redonda,-12.0023013,-77.0577515
The Point Hostel,-12.120587,-77.0334246
Busto Miguel Grau,-11.9445531,-77.067109
Monumento a Jorge Arrospide y Loyola,-12.0918418,-77.0366721
CASA DE WINS,-12.1238903,-76.8709011
Huaca Larga,-12.0657242,-77.0836428
Huaca 32,-12.066775,-77.0850708
Canal Prehispánico,-12.0664064,-77.0832958
Huaca 30,-12.0655535,-77.0857923
Huaca Tres Santiagos,-12.0670999,-77.0929742
Palacio Inca,-12.0645168,-77.0929355
Huaca 61,-12.0638753,-77.0927462
Huaca 50,-12.0672732,-77.0913062
Huaca 60,-12.0671135,-77.0921179
Huaca 59A,-12.0664518,-77.0923907
Huaca 59B,-12.066213,-77.0918985
Huaca 56,-12.0657276,-77.0924261
Huaca 59C,-12.0657097,-77.0920035
Huaca 57C,-12.06579,-77.0896019
Huaca 58A,-12.0666084,-77.089447
Huaca 58,-12.067362,-77.0895839
Huaca 27,-12.06391,-77.0897468
Huaca 57A,-12.064825,-77.0907635
Huaca 57B-1,-12.0656652,-77.0912268
Huaca 57B-2,-12.0665054,-77.0910874
Huaca 57D,-12.0651109,-77.0915777
Huaca 47A,-12.0687108,-77.0877474
Huaca 47,-12.0669219,-77.0872503
Huaca 49,-12.0677866,-77.0906465
Huaca 37C,-12.0697387,-77.0862434
Huaca 46,-12.0685679,-77.0887369
Condorito y Whashington,-12.1456241,-77.0243036
Hostal Prestigio SMP,-12.0195144,-77.0895587
El Golf Hotel Boutique,-12.1019512,-77.0540939
Maypa Lima Airport,-12.0359755,-77.0902281
Hostal Las Vegas,-12.026738,-77.0333576
Hostal La Parada,-12.0263085,-77.0338198
Hostal El Virrey,-12.0333039,-77.0262024
Hospedaje Necy,-12.0332704,-77.0262461
Mundo Alpaca,-12.1304154,-77.0300658
Hostal Residencial Mochica,-12.0127212,-77.0599721
Peaje Puente Piedra,-11.9092559,-77.0706884
El Quilla Surf Hostel,-12.33864,-76.824808
Hotell Britania Crystal Colleection,-12.1181904,-77.0273082
Hostal Bolognesi,-12.061463,-77.0417711
Hilton Garden Inn,-12.1237702,-77.0327953
Miraflores Cityhotel,-12.1221355,-77.0316328
Nancy Flores Paucar,-12.1029875,-77.0654717
Almirante José Padilla López,-12.1238008,-77.0402945
Martin Jorge Guise,-12.1237222,-77.0402136
Almirante Guillermo Brown,-12.123816,-77.0401977
Contralmirante Eduardo Carrasco Toro,-12.1238189,-77.0401269
Carlos De Los Heros,-12.1238173,-77.0400652
Juan Manuel Fanning Garcia,-12.123789,-77.0399685
Hostal Diana,-12.047632,-77.0337811
Cielo Plaza,-12.2144515,-76.906422
Virgen de La Medalla Milagrosa,-12.1015436,-77.0609967
Rainbow Hostel,-12.1294154,-77.0325818
Santa Rosa de Lima,-12.2569543,-76.8882274
Ventana Indiscreta,-12.0852698,-76.972189
Monumento COOPOP,-12.1017264,-76.9441708
Uli's house,-12.122905,-77.0146404
MALECÓN BALTA 758 - Miraflores,-12.1236357,-77.0326799
Plaza Huayna Cápac,-12.1995402,-76.9591849
Pesca Terminal,-12.1184036,-77.0250667
Market Líder,-12.1020745,-76.9503308
Minimercado Festejo,-12.1016743,-76.9501663
Parque Gonzales Olaechea,-12.0553265,-77.0723708
La Casona Azul,-12.1274827,-77.0325199
Piedra basal andina,-12.0454958,-77.0313708
Henry Dunant,-12.1171203,-77.0456721
Parque Las Begonias,-11.8864806,-77.0725831
Libre Hotel BW Signature Collection,-12.125316,-77.0270335
Hilton,-12.1186746,-77.0268158
Mercado Nuevo Horizonte,-12.0012773,-76.8534088
Señor de los Milagros de Surquillo,-12.1068654,-77.0254007
Virgen María Reparadora,-11.9869265,-77.0633901
Virgen María Auxiliadora,-12.1074561,-77.0244055
Colores Hospedaje Miraflores,-12.1228632,-77.0336427
"Claro Clav, Calle Shell 325",-12.1229351,-77.0287784
Juego manía Park,-12.1929179,-76.9676503
Hostal Villarán,-12.1220392,-77.005341
NAIA Miraflores,-12.124019,-77.0277787
Qema Lima,-12.122637,-77.0277033
Blu Hotel Boutique,-12.1244477,-77.0257835
Estatua de Juan Pablo Vizcardo y Guzmán,-12.1189115,-76.9979553
Casa Madrid - Nomadoof,-12.1286439,-77.0323752
Parque Del Aire,-12.1534009,-77.0091761
Parque De Atracciones Voces Por El Clima,-12.1532673,-77.0108824
Simón Bolívar,-12.1171388,-77.0205569
Parque Las Hiedras III,-12.1523957,-77.0089621
Federico Villarreal,-12.1250787,-77.0044873
Doubletree By Hilton Lima San Isidro,-12.0950675,-77.0332009
Best Western Plus,-12.1303791,-77.0296569
Parque Los Rosales,-12.0007799,-77.0532492
Estatua de Martín de Porras,-12.0038534,-77.061022
Monumento de Promoción 1972-1976,-11.9468471,-76.7000796
Placa de promoción 1972-1976,-11.9464336,-76.7000721
"Letras ""San Martín de Porres""",-12.0036539,-77.061072
"Letrero ""Municipalidad de San Martín de Porres""",-12.0042551,-77.0613755
Letras SMP,-12.0040212,-77.0596416
Anfiteatro Parque de la Familia,-12.0991943,-77.0104606
"Dos culturas, una visión",-12.1005041,-76.9944562
Anillos Olímpicos,-12.1038124,-76.9893323
Eduardo Dibós Dammert,-12.103779,-76.9891281
Pierre de Coubertin,-12.1037113,-76.9892881
Edwin Vásquez Cam,-12.1036032,-76.98934
Auditorio Elivio Vannini Chumpitazi,-12.0997067,-76.9861576
Pedidos Ya Market,-12.0638493,-76.9605465
Arawi Miraflores Express,-12.126189,-77.024929
Mirador,-12.1502479,-77.0241671
Prehispanic Municipal Museum,-12.0452015,-77.0280897
Julio Escobar,-12.1643947,-76.99108
Serenzza hôtel,-12.0883701,-77.0185311
Veterano de guerra,-12.155429,-76.8840643
Casa Bellido -Miraflores Private Rooms - Cocina Compartida - Wifi,-12.1107203,-77.0312088
Casa Bellido - Miraflores Private Rooms,-12.1106718,-77.0311962
San Pedro de Lurín,-12.2737903,-76.8726643
Cañón Republicano,-12.274142,-76.8725947
Virgen de Fátima,-12.2947719,-76.8524256
Museo del café peruano,-12.0461495,-77.0287752
Museo national afroperuano,-12.0466852,-77.0258366
Museo municipal prehispanico,-12.0452757,-77.0279438
Hostal HTG,-11.9767206,-76.7730634
Chaclacayo Center,-11.976615,-76.7729105
Chaclacayo Gardens,-11.9786198,-76.7755757
El Bungalow,-11.9821723,-76.7742654
Luis Giampietri Rojas,-12.0996188,-76.9729816
Arawi Prime Hotel,-12.1258018,-77.0305145
Casa Andina Premium,-12.0927679,-77.0277334
Héroes de la Solidaridad,-12.1008559,-76.9708242
posste001,-11.954295,-77.0439279
P001,-12.02782,-77.0722938
P003,-12.0276014,-77.0728023
P002,-12.0276926,-77.0725374
"Parque ""Islas Malvinas""",-12.1264015,-77.0019444
Malvinas argentinas,-12.1263881,-77.0019409
LMVS 014 NAP 07 MD 02,-12.2281822,-76.9338357
P004,-12.2284138,-76.9341962
P005,-12.22868,-76.9340387
DOMICILIO,-12.2289238,-76.9340214
Monumento a los Voluntarios del Perú,-12.0991168,-76.945806
hahaa,-11.9512533,-77.0481112
Parque Micaela Bastidas,-12.2001127,-76.9876328
Sagrado Corazón de Jesús,-12.1110524,-77.0240451
Alberto Santos Dumont,-12.0877585,-77.0273509
Nap B2B -01 LMCM 002 MD02,-11.9386212,-77.0522097
PC002,-11.9384642,-77.052338
PC003,-11.9382238,-77.052566
PC004,-11.9381771,-77.0526849
PC005,-11.9380722,-77.052598
PC006,-11.9380762,-77.0526524
PC007,-11.937811,-77.0528913
PC008,-11.9377173,-77.0529805
PC009,-11.937558,-77.0531392
PC011,-11.9370797,-77.0535706
PC014,-11.936698,-77.0541323
PC010,-11.9372671,-77.0533934
PC012,-11.9371981,-77.0536839
PC013,-11.936992,-77.0538653
PC016,-11.937438,-77.054327
PC015,-11.9372061,-77.0542258
LOCAL SUNASS,-11.9374316,-77.0543812
Parque de las mariposas de Barranco,-12.1408717,-77.0260292
Domicilio,-11.9946712,-77.0639941
LIOL 023 NAP07,-11.9944294,-77.0639056
Hermasia,-12.1053049,-77.0448065
Parque Pío XII,-12.10702,-77.0452304
Parque Ernesto Alayza Grundy,-12.1079904,-77.0425633
Parque Mercedes Cabello de Carbonera,-12.1051091,-77.028451
Parque Franciso Miranda,-12.1165673,-77.0269186
Parque John F. Kennedy,-12.1217914,-77.0304528
Parque 7 de Junio,-12.1206119,-77.0295659
JW Marriott Hotel Lima,-12.1314715,-77.0295192
Parque Ruiz Gallo,-12.0938717,-77.0690585
Parque Placencia,-12.1254632,-77.0114841
Parque Pablo Arguedas,-12.1272009,-77.0195697
Parque Reducto,-12.1264374,-77.0226132
Parque Leoncio Prado,-12.1247049,-77.0195478
Parque Ramón Castilla,-12.121877,-77.0159304
Parque José Luis Bustamante y Rivero,-12.1001561,-77.0226065
Parque Pucllana,-12.112273,-77.033581
Parque Manuel Solari Swayne,-12.1153761,-77.0335122
Parque Guillermo Correa Elías,-12.1149413,-77.0418604
Parque de los Héroes,-12.138286,-77.0244651
Parque de la Familia,-12.0992331,-77.0099914
Parque Teniente Enrique Palacios,-12.1018447,-77.0132039
Parque Sergio Bernales,-12.0831656,-77.0238432
Parque Fernando Carbajal,-12.0855392,-77.0233888
Parque Robert F. Kennedy,-12.0878287,-77.0196752
Parque Francisco Changanaqui,-12.0860853,-77.0199088
Parque Bellas Artes,-12.0735787,-77.01258
Parque Euler,-12.1026595,-77.0086881
Parque Santo Tomas,-12.1061768,-77.0082911
Parque Lady Olave Baden Powell,-12.0988458,-77.0079554
Parque La Minería,-12.0964732,-77.0073872
Parque Manuel Seaone,-12.0731221,-77.0079161
Parque Veronesse,-12.0947681,-76.9970817
Parque Julio Ponce Antúnez de Mayolo,-12.106267,-76.993545
Parque Andrés Avelino Cáceres,-12.1038923,-76.9959324
Parque San Martín,-12.1039959,-76.9992162
Parque Alfredo Maúrtua,-12.1092894,-76.9947509
